nome_da_imagem,genero,genero_predito
landmark_aligned_face.1.10437979845_5985be4b26_o.bmp,f,f
landmark_aligned_face.4.10424595844_1009c687e4_o.bmp,f,f
landmark_aligned_face.2.10190308156_5c748ab2da_o.bmp,m,f
landmark_aligned_face.6.10204739113_0e2ae11708_o.bmp,m,f
landmark_aligned_face.1.10204739113_0e2ae11708_o.bmp,f,f
landmark_aligned_face.5.11562657036_5fe2235bed_o.bmp,f,f
landmark_aligned_face.1.11438175534_c13ee0375c_o.bmp,f,f
landmark_aligned_face.4.10491630366_5cc645056d_o.bmp,f,f
landmark_aligned_face.7.9350503632_d1c0024287_o.bmp,f,f
landmark_aligned_face.5.9914124745_f218c5b9f2_o.bmp,f,f
landmark_aligned_face.1.10204731983_643dfbf861_o.bmp,f,f
landmark_aligned_face.4.9432313004_680bb1d1a6_o.bmp,f,f
landmark_aligned_face.5.9985321195_e46e991539_o.bmp,f,f
landmark_aligned_face.7.9985321195_e46e991539_o.bmp,f,f
landmark_aligned_face.7.9563675153_5e0473fb1a_o.bmp,f,f
landmark_aligned_face.8.9347747777_863b82f4ea_o.bmp,m,f
landmark_aligned_face.9.9347747777_863b82f4ea_o.bmp,m,f
landmark_aligned_face.10.11551510215_3203d081c4_o.bmp,m,f
landmark_aligned_face.2.9350125152_bd50d6245f_o.bmp,m,f
landmark_aligned_face.4.10491792593_559cbab623_o.bmp,f,f
landmark_aligned_face.1.11518646533_80f36f9e43_o.bmp,f,f
landmark_aligned_face.8.8748602310_6a49559e57_o.bmp,m,f
landmark_aligned_face.2.11727489873_7e5fb32c26_o.bmp,m,f
landmark_aligned_face.3.11727338963_25827f6dd1_o.bmp,m,f
landmark_aligned_face.2.9350518786_80944b96b0_o.bmp,m,f
landmark_aligned_face.1.10438443205_b5075c685d_o.bmp,f,m
landmark_aligned_face.5.11623896043_31951552e1_o.bmp,f,f
landmark_aligned_face.1.9904044896_cb797f78d2_o.bmp,f,f
landmark_aligned_face.2.9731134701_c9761a710d_o.bmp,m,f
landmark_aligned_face.5.9921332073_ce95d92c31_o.bmp,f,f
landmark_aligned_face.1.9921332073_ce95d92c31_o.bmp,f,f
landmark_aligned_face.5.10997997875_35e9d33ff3_o.bmp,f,f
landmark_aligned_face.5.10346718334_096b1be146_o.bmp,f,f
landmark_aligned_face.5.9094529035_b77d4423f5_o.bmp,f,f
landmark_aligned_face.2.10399716146_f643bf78fa_o.bmp,m,m
landmark_aligned_face.3.11727342573_95f82a3c49_o.bmp,m,f
landmark_aligned_face.3.9921382773_99dd53ae10_o.bmp,m,f
landmark_aligned_face.5.9347389503_3c169d1088_o.bmp,f,f
landmark_aligned_face.9.11861466665_82ea096241_o.bmp,m,f
landmark_aligned_face.2.11861466665_82ea096241_o.bmp,m,f
landmark_aligned_face.7.9505494278_2c88bd76cf_o.bmp,f,f
landmark_aligned_face.5.10152675314_02d5855224_o.bmp,f,f
landmark_aligned_face.1.11562448075_722ca0be18_o.bmp,f,f
landmark_aligned_face.2.11431794093_349af0f151_o.bmp,m,f
landmark_aligned_face.1.10571493783_a715bf1292_o.bmp,f,f
landmark_aligned_face.1.10518106303_1d9f3333bb_o.bmp,f,f
landmark_aligned_face.2.11341868543_14bd313a8c_o.bmp,m,m
landmark_aligned_face.2.11167359214_0cf11f0e79_o.bmp,m,f
landmark_aligned_face.2.9671705985_3260c07f79_o.bmp,m,f
landmark_aligned_face.4.9671705985_3260c07f79_o.bmp,f,f
landmark_aligned_face.11.10590139995_a2a8ea121a_o.bmp,m,f
landmark_aligned_face.9.10459231615_f33acdd788_o.bmp,m,m
landmark_aligned_face.2.11141052345_12bb2fbd9d_o.bmp,m,f
landmark_aligned_face.4.9506984151_e818be4e85_o.bmp,f,f
landmark_aligned_face.5.10189334335_366c6e040a_o.bmp,f,f
landmark_aligned_face.9.11861480225_770e434a7b_o.bmp,m,f
landmark_aligned_face.1.10399397284_4a56c40bc6_o.bmp,f,f
landmark_aligned_face.7.9429548405_70ee3d448a_o.bmp,f,f
landmark_aligned_face.3.11727323213_42802044c9_o.bmp,m,f
landmark_aligned_face.4.10491790873_43eb9d21e2_o.bmp,f,f
landmark_aligned_face.2.10287311584_61358a8419_o.bmp,m,f
landmark_aligned_face.7.9505435482_e0f9cc0571_o.bmp,f,f
landmark_aligned_face.5.10795332606_2de42d0731_o.bmp,f,f
landmark_aligned_face.5.9509803088_ea7bcf3c36_o.bmp,f,f
landmark_aligned_face.4.10424739446_6e437a8f8a_o.bmp,f,f
landmark_aligned_face.4.9429555899_4b429e9dc0_o.bmp,f,f
landmark_aligned_face.5.9710096523_d4d40b88a7_o.bmp,f,f
landmark_aligned_face.5.11438488005_80c07eea53_o.bmp,f,f
landmark_aligned_face.4.10424638186_bc15d27478_o.bmp,f,f
landmark_aligned_face.5.10152728664_28d1e1fc98_o.bmp,f,f
landmark_aligned_face.2.11861802473_d239d9609e_o.bmp,m,f
landmark_aligned_face.4.10795391806_5398811a2f_o.bmp,f,f
landmark_aligned_face.1.10257352486_25a8115ef2_o.bmp,f,f
landmark_aligned_face.5.11705977214_f0388a2dd2_o.bmp,f,f
landmark_aligned_face.4.9347805819_10b150d91a_o.bmp,f,f
landmark_aligned_face.8.9347751543_0168b92ffb_o.bmp,m,f
landmark_aligned_face.2.8806182447_26e96f4a0e_o.bmp,m,f
landmark_aligned_face.3.8806182447_26e96f4a0e_o.bmp,m,f
landmark_aligned_face.1.10165741325_c090463e0c_o.bmp,f,f
landmark_aligned_face.5.11234017074_cc6ab0ae3b_o.bmp,f,f
landmark_aligned_face.7.9350727922_14105fcae9_o.bmp,f,f
landmark_aligned_face.5.10152947353_f7fa45a6b5_o.bmp,f,f
landmark_aligned_face.3.10152947353_f7fa45a6b5_o.bmp,m,f
landmark_aligned_face.2.11431791493_3565d5d318_o.bmp,m,f
landmark_aligned_face.4.11324792883_0185d0f976_o.bmp,f,f
landmark_aligned_face.8.8747479789_a05a8b89c5_o.bmp,m,f
landmark_aligned_face.4.11324700354_0b2546ff42_o.bmp,f,f
landmark_aligned_face.8.8806143607_3e5c148933_o.bmp,m,f
landmark_aligned_face.5.11431601965_2af9197d38_o.bmp,f,f
landmark_aligned_face.2.11551644543_3408f718fa_o.bmp,m,f
landmark_aligned_face.5.10346656904_00afcc4684_o.bmp,f,f
landmark_aligned_face.5.11624007034_f66ef0e384_o.bmp,f,f
landmark_aligned_face.5.9094517905_e75d2127f3_o.bmp,f,f
landmark_aligned_face.5.9548342458_e74c8d36ea_o.bmp,f,m
landmark_aligned_face.4.9347807267_fff7dd95b2_o.bmp,f,f
landmark_aligned_face.5.10517919716_1cd67d3b1f_o.bmp,f,f
landmark_aligned_face.5.10152860544_df9128862a_o.bmp,f,f
landmark_aligned_face.7.10453796526_3b1213bc1b_o.bmp,f,f
landmark_aligned_face.4.11329163373_691fbdb9c1_o.bmp,f,f
landmark_aligned_face.1.11193997243_8ab21a4651_o.bmp,f,f
landmark_aligned_face.3.9257477006_17b21fd387_o.bmp,m,f
landmark_aligned_face.4.10571116094_ab25ca7b96_o.bmp,f,f
landmark_aligned_face.3.9988131935_76a46de6d0_o.bmp,m,f
landmark_aligned_face.4.10189541153_b5063f82fc_o.bmp,f,f
landmark_aligned_face.9.10399404074_da554f9eb6_o.bmp,m,f
landmark_aligned_face.2.11358584174_b341827436_o.bmp,m,f
landmark_aligned_face.4.11328991245_7833afd2bb_o.bmp,f,f
landmark_aligned_face.4.10424690476_a876b59aa9_o.bmp,f,f
landmark_aligned_face.5.11189001964_6013792f59_o.bmp,f,f
landmark_aligned_face.7.10424853086_473f9de6d1_o.bmp,f,f
landmark_aligned_face.2.10399722336_b56f8d1b32_o.bmp,m,m
landmark_aligned_face.11.11562657043_7453f64f0c_o.bmp,m,m
landmark_aligned_face.4.10571248443_e967cdfbe7_o.bmp,f,f
landmark_aligned_face.9.9505396598_2d1fb84849_o.bmp,m,f
landmark_aligned_face.4.10571246953_3439dec03a_o.bmp,f,f
landmark_aligned_face.4.11166878393_a73f2d943e_o.bmp,f,f
landmark_aligned_face.2.11834024464_b07c96cc91_o.bmp,m,f
landmark_aligned_face.8.9350538384_787852a6d5_o.bmp,m,f
landmark_aligned_face.4.10424535564_be2758e140_o.bmp,f,f
landmark_aligned_face.7.9347707363_0cea5214ff_o.bmp,f,f
landmark_aligned_face.5.9921319425_5360afc6f3_o.bmp,f,f
landmark_aligned_face.1.9904076236_533f273220_o.bmp,f,f
landmark_aligned_face.8.9096734982_fe46322f92_o.bmp,m,f
landmark_aligned_face.2.9350531582_6e5baf9f4a_o.bmp,m,f
landmark_aligned_face.2.9429611533_62971b8ea6_o.bmp,m,m
landmark_aligned_face.8.8816748732_224e9e6b9b_o.bmp,m,f
landmark_aligned_face.5.10998199784_d96c575a11_o.bmp,f,f
landmark_aligned_face.5.9903982695_5b11e71c9a_o.bmp,f,f
landmark_aligned_face.2.11624525325_b0da5f88e5_o.bmp,m,f
landmark_aligned_face.4.11045861706_d5616f800c_o.bmp,f,f
landmark_aligned_face.4.10424614964_8d2d5c97f3_o.bmp,f,f
landmark_aligned_face.5.10453770944_3c2878e2eb_o.bmp,f,f
landmark_aligned_face.4.10571039484_33cf68dc86_o.bmp,f,f
landmark_aligned_face.1.10438591253_1e5b6bc1ca_o.bmp,f,f
landmark_aligned_face.2.11707660116_a600794e07_o.bmp,m,f
landmark_aligned_face.2.11029253373_f567bcc019_o.bmp,m,f
landmark_aligned_face.4.10424721415_2a5ab30b00_o.bmp,f,f
landmark_aligned_face.2.9350527282_55ca630a62_o.bmp,m,f
landmark_aligned_face.2.9350604128_a50f3386a6_o.bmp,m,f
landmark_aligned_face.5.10998228263_6581ee96d2_o.bmp,f,f
landmark_aligned_face.2.11625272416_6966667c8f_o.bmp,m,f
landmark_aligned_face.5.11551522024_d2e4f532d5_o.bmp,f,m
landmark_aligned_face.10.11551526405_b748193e5f_o.bmp,m,f
landmark_aligned_face.5.11231972195_ccd84c4a2b_o.bmp,f,f
landmark_aligned_face.1.10165802486_b49cf77cfc_o.bmp,f,f
landmark_aligned_face.5.10998012786_6b37e24eb2_o.bmp,f,f
landmark_aligned_face.8.8748603924_4a65ab8c06_o.bmp,m,f
landmark_aligned_face.14.9406035532_1726ceb3f0_o.bmp,f,f
landmark_aligned_face.15.9404699772_0b824280f4_o.bmp,f,f
landmark_aligned_face.14.9404699772_0b824280f4_o.bmp,f,f
landmark_aligned_face.17.9931547394_c905d9c70f_o.bmp,f,f
landmark_aligned_face.18.9405701730_ea7768a169_o.bmp,m,m
landmark_aligned_face.20.9402955099_e880cbb88f_o.bmp,f,f
landmark_aligned_face.18.9403192941_f5e3d813b8_o.bmp,m,m
landmark_aligned_face.14.9981905523_f79203384e_o.bmp,f,f
landmark_aligned_face.18.11528300494_622838698a_o.bmp,m,f
landmark_aligned_face.18.11509488266_5158e7e86a_o.bmp,m,f
landmark_aligned_face.18.9403736445_c721150830_o.bmp,m,f
landmark_aligned_face.18.9931553723_97155f2aa0_o.bmp,m,f
landmark_aligned_face.14.9934714943_96f491ccf7_o.bmp,f,f
landmark_aligned_face.18.9934643594_e73e930c66_o.bmp,m,f
landmark_aligned_face.25.9403220601_81da7cf85a_o.bmp,m,f
landmark_aligned_face.18.11509490676_d78ee05fab_o.bmp,m,f
landmark_aligned_face.13.9404672046_ae4d4d0f9a_o.bmp,f,f
landmark_aligned_face.16.9404672046_ae4d4d0f9a_o.bmp,f,f
landmark_aligned_face.26.11528357584_78b8f1e3f7_o.bmp,m,f
landmark_aligned_face.18.11528358163_cd6b630122_o.bmp,m,f
landmark_aligned_face.28.11528358163_cd6b630122_o.bmp,m,f
landmark_aligned_face.18.11509520083_b2b5b8d080_o.bmp,m,f
landmark_aligned_face.30.9981771886_1910abab6c_o.bmp,m,f
landmark_aligned_face.18.9403132965_74529271ae_o.bmp,m,f
landmark_aligned_face.15.9401937985_98b3e07467_o.bmp,f,f
landmark_aligned_face.14.9401874841_2a14ba48ae_o.bmp,f,f
landmark_aligned_face.34.9981741125_90b35e93af_o.bmp,m,m
landmark_aligned_face.36.9981741125_90b35e93af_o.bmp,f,f
landmark_aligned_face.18.11528287254_3e3ddd9d5c_o.bmp,m,f
landmark_aligned_face.18.11528377823_a55d0b78d4_o.bmp,m,f
landmark_aligned_face.18.11516129663_1b4b08310a_o.bmp,m,f
landmark_aligned_face.18.11528262635_fa876b08ca_o.bmp,m,f
landmark_aligned_face.13.11528262635_fa876b08ca_o.bmp,f,f
landmark_aligned_face.18.9405989182_4865c31ede_o.bmp,m,f
landmark_aligned_face.14.9405989182_4865c31ede_o.bmp,f,f
landmark_aligned_face.14.9401891777_6d229ef5ff_o.bmp,f,f
landmark_aligned_face.17.9405720818_a928f32f04_o.bmp,f,f
landmark_aligned_face.18.9934698773_a0d7829177_o.bmp,m,f
landmark_aligned_face.45.9934698773_a0d7829177_o.bmp,m,f
landmark_aligned_face.14.9405876802_81e765dd89_o.bmp,f,f
landmark_aligned_face.14.9931450855_7fcedfde5c_o.bmp,f,f
landmark_aligned_face.36.9981723524_af35397e97_o.bmp,f,f
landmark_aligned_face.18.9403160465_65b9d83e92_o.bmp,m,f
landmark_aligned_face.18.9934617466_17d765a23e_o.bmp,m,m
landmark_aligned_face.18.9405738144_f82b9a6040_o.bmp,m,f
landmark_aligned_face.21.11509384325_c357e4c570_o.bmp,m,f
landmark_aligned_face.18.9403285701_bfb0f6ea34_o.bmp,m,f
landmark_aligned_face.18.9401946595_bd4b40432c_o.bmp,m,f
landmark_aligned_face.18.9934742293_c15d2a4928_o.bmp,m,f
landmark_aligned_face.14.9934596626_f55a830339_o.bmp,f,f
landmark_aligned_face.18.9931717903_b324710081_o.bmp,m,f
landmark_aligned_face.45.9931717903_b324710081_o.bmp,m,f
landmark_aligned_face.14.9404632480_05af3d03df_o.bmp,f,f
landmark_aligned_face.16.9401958739_4890478fea_o.bmp,f,m
landmark_aligned_face.18.11516100056_d52168a034_o.bmp,m,f
landmark_aligned_face.13.11516100056_d52168a034_o.bmp,f,f
landmark_aligned_face.13.9403109833_e117f434e7_o.bmp,f,f
landmark_aligned_face.14.9981656714_04d0ec5456_o.bmp,f,f
landmark_aligned_face.51.9981656714_04d0ec5456_o.bmp,m,f
landmark_aligned_face.51.9981772873_b89d389e58_o.bmp,m,f
landmark_aligned_face.18.8645702959_e37b6fb63a_o.bmp,m,m
landmark_aligned_face.14.9981862606_e69bcc68e1_o.bmp,f,f
landmark_aligned_face.53.9403175285_3584f791ef_o.bmp,f,m
landmark_aligned_face.14.9931433855_34e128e4e4_o.bmp,f,f
landmark_aligned_face.17.9931628403_64b6c9b088_o.bmp,f,f
landmark_aligned_face.13.9405869250_71d06a3491_o.bmp,f,f
landmark_aligned_face.14.9402953201_19d20cb87f_o.bmp,f,f
landmark_aligned_face.25.9405972992_90cc2dfcc7_o.bmp,m,f
landmark_aligned_face.14.9405928690_fec4d1b9c1_o.bmp,f,f
landmark_aligned_face.18.11516126463_c60baaf41d_o.bmp,m,f
landmark_aligned_face.18.9405946154_81b96e6d8c_o.bmp,m,f
landmark_aligned_face.14.9405946154_81b96e6d8c_o.bmp,f,f
landmark_aligned_face.14.9404681378_6f0d27dbfb_o.bmp,f,f
landmark_aligned_face.14.9403146545_4cbced881f_o.bmp,f,f
landmark_aligned_face.13.9401685205_692a87440b_o.bmp,f,m
landmark_aligned_face.14.9931510656_48d12483fb_o.bmp,f,f
landmark_aligned_face.43.9401943573_aed7675e7a_o.bmp,f,m
landmark_aligned_face.47.9406497052_77272568f9_o.bmp,f,f
landmark_aligned_face.18.9405890958_fe2a36f24e_o.bmp,m,f
landmark_aligned_face.14.9405890958_fe2a36f24e_o.bmp,f,m
landmark_aligned_face.18.9405985186_40e3c859a5_o.bmp,m,f
landmark_aligned_face.14.9405985186_40e3c859a5_o.bmp,f,f
landmark_aligned_face.18.9401932335_331a27de90_o.bmp,m,m
landmark_aligned_face.52.9405933820_9be92ca44f_o.bmp,f,f
landmark_aligned_face.53.9405933820_9be92ca44f_o.bmp,f,f
landmark_aligned_face.56.9402937341_a8da6c8236_o.bmp,f,f
landmark_aligned_face.57.9402937341_a8da6c8236_o.bmp,m,f
landmark_aligned_face.18.11513577254_fa849a5cde_o.bmp,m,f
landmark_aligned_face.13.11513577254_fa849a5cde_o.bmp,f,f
landmark_aligned_face.17.9931529634_8ba788f813_o.bmp,f,f
landmark_aligned_face.18.9405975792_eed1f0b744_o.bmp,m,f
landmark_aligned_face.28.9405975792_eed1f0b744_o.bmp,m,f
landmark_aligned_face.18.9403232929_d55b1176a6_o.bmp,m,f
landmark_aligned_face.60.9405923112_0698c895ba_o.bmp,m,f
landmark_aligned_face.62.9405923112_0698c895ba_o.bmp,f,f
landmark_aligned_face.18.9403161019_bbe007afb1_o.bmp,m,f
landmark_aligned_face.18.9404669726_1d2eaf82f6_o.bmp,m,f
landmark_aligned_face.14.9404669726_1d2eaf82f6_o.bmp,f,f
landmark_aligned_face.14.9405754164_32732a30fc_o.bmp,f,m
landmark_aligned_face.14.9403129869_f804e06843_o.bmp,f,f
landmark_aligned_face.18.9403231901_54b4711c38_o.bmp,m,f
landmark_aligned_face.18.9403229331_6399973678_o.bmp,m,m
landmark_aligned_face.24.9405974300_bed166a764_o.bmp,m,f
landmark_aligned_face.18.9405985690_4e10ea15a1_o.bmp,m,f
landmark_aligned_face.14.9405985690_4e10ea15a1_o.bmp,f,f
landmark_aligned_face.17.9931514636_74e994aab0_o.bmp,f,f
landmark_aligned_face.14.9401888747_d72b174403_o.bmp,f,f
landmark_aligned_face.18.9401888747_d72b174403_o.bmp,m,f
landmark_aligned_face.24.9405742452_ac53f34a4f_o.bmp,m,f
landmark_aligned_face.18.9934736723_9bff14ea31_o.bmp,m,f
landmark_aligned_face.14.9401870575_92270b2d0d_o.bmp,f,f
landmark_aligned_face.18.11509415515_12bb2bb8e0_o.bmp,m,f
landmark_aligned_face.14.9401876367_469b2fd3e2_o.bmp,f,f
landmark_aligned_face.26.11528355694_58a03573f6_o.bmp,m,f
landmark_aligned_face.14.9403151849_672b7fee69_o.bmp,f,f
landmark_aligned_face.18.9981781455_9e7b8e8f21_o.bmp,m,f
landmark_aligned_face.14.9406045278_200f93d5ae_o.bmp,f,f
landmark_aligned_face.63.11528330675_b80f9fe294_o.bmp,f,f
landmark_aligned_face.14.9401909683_07e2fa8ff9_o.bmp,f,m
landmark_aligned_face.14.9981700225_c7731daf61_o.bmp,f,f
landmark_aligned_face.14.9405704984_0cd1df6d83_o.bmp,f,f
landmark_aligned_face.18.9405990274_dae2f7cbd2_o.bmp,m,f
landmark_aligned_face.14.9405990274_dae2f7cbd2_o.bmp,f,f
landmark_aligned_face.51.9981712426_5e72387355_o.bmp,m,f
landmark_aligned_face.18.9405984212_b3ecd67782_o.bmp,m,f
landmark_aligned_face.15.9404698396_039747595c_o.bmp,f,f
landmark_aligned_face.16.9404698396_039747595c_o.bmp,f,f
landmark_aligned_face.18.9934598145_923f2c4dda_o.bmp,m,f
landmark_aligned_face.18.9403250391_3d100bbecc_o.bmp,m,f
landmark_aligned_face.14.9981788414_db070d8d70_o.bmp,f,f
landmark_aligned_face.18.9934744883_863379d08d_o.bmp,m,f
landmark_aligned_face.66.9934744883_863379d08d_o.bmp,m,m
landmark_aligned_face.18.11528360963_def8e66df0_o.bmp,m,m
landmark_aligned_face.28.11528360963_def8e66df0_o.bmp,m,f
landmark_aligned_face.14.9404489920_9b1f5e2aee_o.bmp,f,f
landmark_aligned_face.18.11528328056_c7dbe0fbb8_o.bmp,m,m
landmark_aligned_face.28.11528328056_c7dbe0fbb8_o.bmp,m,f
landmark_aligned_face.26.11528401666_23133bfd9d_o.bmp,m,f
landmark_aligned_face.14.11533745035_05d4cb5eda_o.bmp,f,f
landmark_aligned_face.18.9403214861_bf66606060_o.bmp,m,f
landmark_aligned_face.28.9403214861_bf66606060_o.bmp,m,f
landmark_aligned_face.36.9931577523_5960cd9cd1_o.bmp,f,f
landmark_aligned_face.14.9931577523_5960cd9cd1_o.bmp,f,f
landmark_aligned_face.18.9981673676_6a815a93e9_o.bmp,m,f
landmark_aligned_face.66.9981673676_6a815a93e9_o.bmp,m,f
landmark_aligned_face.14.9404631390_428559879b_o.bmp,f,f
landmark_aligned_face.18.9931616164_247381f224_o.bmp,m,f
landmark_aligned_face.45.9931616164_247381f224_o.bmp,m,f
landmark_aligned_face.14.9931491295_1f8846dabe_o.bmp,f,f
landmark_aligned_face.18.9403174763_0cc4ddf8b9_o.bmp,m,f
landmark_aligned_face.69.9401869229_2a6058021c_o.bmp,m,f
landmark_aligned_face.18.9401869229_2a6058021c_o.bmp,m,m
landmark_aligned_face.31.9401869229_2a6058021c_o.bmp,m,f
landmark_aligned_face.18.9405946772_fbe0c4d242_o.bmp,m,f
landmark_aligned_face.14.9405946772_fbe0c4d242_o.bmp,f,f
landmark_aligned_face.18.9934610055_2749028eca_o.bmp,m,f
landmark_aligned_face.67.9934610055_2749028eca_o.bmp,m,f
landmark_aligned_face.14.9403153307_b510973fae_o.bmp,f,f
landmark_aligned_face.13.9401692911_0491046e25_o.bmp,f,f
landmark_aligned_face.14.9401871089_13260dc0d0_o.bmp,f,f
landmark_aligned_face.28.9981805616_1245a48d49_o.bmp,m,f
landmark_aligned_face.18.9934628386_2f200cb235_o.bmp,m,f
landmark_aligned_face.66.9934628386_2f200cb235_o.bmp,m,f
landmark_aligned_face.18.9401857051_a88537ab31_o.bmp,m,f
landmark_aligned_face.18.9934725563_2b0acfaca3_o.bmp,m,f
landmark_aligned_face.14.9404671002_1268bf294f_o.bmp,f,m
landmark_aligned_face.18.9405938138_830d32c93d_o.bmp,m,f
landmark_aligned_face.53.9405938138_830d32c93d_o.bmp,f,f
landmark_aligned_face.14.9405938138_830d32c93d_o.bmp,f,f
landmark_aligned_face.18.9405942434_b6e54fb634_o.bmp,m,f
landmark_aligned_face.18.11516025275_e082965e1a_o.bmp,m,f
landmark_aligned_face.18.11528267775_c2f752ba0d_o.bmp,m,m
landmark_aligned_face.28.11528267775_c2f752ba0d_o.bmp,m,f
landmark_aligned_face.18.9401931501_06305e0f36_o.bmp,m,f
landmark_aligned_face.51.9981659504_037c7ebe70_o.bmp,m,f
landmark_aligned_face.18.9406044164_aeb55cd031_o.bmp,m,f
landmark_aligned_face.14.9406044164_aeb55cd031_o.bmp,f,f
landmark_aligned_face.18.11516021665_942e8a716c_o.bmp,m,f
landmark_aligned_face.18.9403185593_1c7747e5f8_o.bmp,m,f
landmark_aligned_face.74.9981732215_12862f9950_o.bmp,m,f
landmark_aligned_face.18.9404687712_3a2416bb1c_o.bmp,m,f
landmark_aligned_face.14.9931645913_e23c11f8dd_o.bmp,f,f
landmark_aligned_face.17.9931645913_e23c11f8dd_o.bmp,f,f
landmark_aligned_face.18.9931576545_b44222ace0_o.bmp,m,f
landmark_aligned_face.45.9931576545_b44222ace0_o.bmp,m,f
landmark_aligned_face.14.9934587365_98ae700f7c_o.bmp,f,f
landmark_aligned_face.84.8862883465_391a459a54_o.bmp,m,m
landmark_aligned_face.84.9117894630_5206cb7d27_o.bmp,m,f
landmark_aligned_face.87.9117894630_5206cb7d27_o.bmp,f,m
landmark_aligned_face.84.9660841486_38d3c847b9_o.bmp,m,f
landmark_aligned_face.84.9657597973_5832ece8cc_o.bmp,m,f
landmark_aligned_face.84.11310152054_de017d003f_o.bmp,m,f
landmark_aligned_face.84.10382961186_b10684054a_o.bmp,m,f
landmark_aligned_face.89.11166647153_7a016bc282_o.bmp,m,f
landmark_aligned_face.90.11166647153_7a016bc282_o.bmp,m,m
landmark_aligned_face.84.11924873496_440d7e8010_o.bmp,m,f
landmark_aligned_face.84.8777741948_ab388c82a2_o.bmp,m,f
landmark_aligned_face.84.8520280680_088ff11aa4_o.bmp,m,f
landmark_aligned_face.84.9793662656_6d78a1cbd0_o.bmp,m,m
landmark_aligned_face.84.8863087660_2171f4f9ec_o.bmp,m,f
landmark_aligned_face.84.9115624535_56d264a424_o.bmp,m,f
landmark_aligned_face.84.8520275378_84f2ae2f8a_o.bmp,m,f
landmark_aligned_face.91.9115677323_f58f86b86f_o.bmp,f,f
landmark_aligned_face.87.8710947285_5f8aa79f9f_o.bmp,f,f
landmark_aligned_face.89.11170155956_c8087f2c7a_o.bmp,m,f
landmark_aligned_face.84.8915763175_5ef3ecacdb_o.bmp,m,f
landmark_aligned_face.84.8668655555_53cbe3b648_o.bmp,m,f
landmark_aligned_face.84.9657254171_7510ff2940_o.bmp,m,f
landmark_aligned_face.84.9117897266_d05cfe19bf_o.bmp,m,f
landmark_aligned_face.84.8278703386_a003166ef3_o.bmp,m,f
landmark_aligned_face.84.11167253613_0f5db42377_o.bmp,m,f
landmark_aligned_face.84.9117680672_5553391a2f_o.bmp,m,f
landmark_aligned_face.84.8560481683_e5791d19bc_o.bmp,m,f
landmark_aligned_face.84.8863054544_ee3fdd5678_o.bmp,m,f
landmark_aligned_face.84.8583809165_3a0e4e268f_o.bmp,m,f
landmark_aligned_face.84.11438868715_c0ced9f10c_o.bmp,m,f
landmark_aligned_face.91.9232568443_2e263bbcbc_o.bmp,f,f
landmark_aligned_face.84.8863546586_760d882239_o.bmp,m,f
landmark_aligned_face.84.10630920103_cb330a8354_o.bmp,m,f
landmark_aligned_face.84.10600592265_01e021ca9e_o.bmp,m,f
landmark_aligned_face.84.8863552124_f2456ab560_o.bmp,m,f
landmark_aligned_face.84.10346738615_5877aa5044_o.bmp,m,m
landmark_aligned_face.84.8520276190_90b8f8a751_o.bmp,m,f
landmark_aligned_face.87.8710625327_6cd32989b7_o.bmp,f,f
landmark_aligned_face.84.8915699615_c817593801_o.bmp,m,f
landmark_aligned_face.84.11166626623_139d04bc70_o.bmp,m,f
landmark_aligned_face.84.9233406371_362be6d60b_o.bmp,m,f
landmark_aligned_face.84.8862447013_9b737ef513_o.bmp,m,f
landmark_aligned_face.84.8863538182_f79df70212_o.bmp,m,f
landmark_aligned_face.84.8863044810_3e6eab531b_o.bmp,m,f
landmark_aligned_face.84.10805530946_1468872af4_o.bmp,m,m
landmark_aligned_face.90.11166447045_224fc3cbdc_o.bmp,m,f
landmark_aligned_face.93.11166447045_224fc3cbdc_o.bmp,f,f
landmark_aligned_face.84.11166447045_224fc3cbdc_o.bmp,m,f
landmark_aligned_face.89.11421867756_57069b45b4_o.bmp,m,f
landmark_aligned_face.84.9236181466_845184c12c_o.bmp,m,f
landmark_aligned_face.84.11924006695_483ccabc51_o.bmp,m,f
landmark_aligned_face.89.8712058504_06e8c60a36_o.bmp,m,f
landmark_aligned_face.84.8712058504_06e8c60a36_o.bmp,m,f
landmark_aligned_face.98.11305826843_a507fc9d96_o.bmp,f,f
landmark_aligned_face.98.11305778704_2c6842a931_o.bmp,f,f
landmark_aligned_face.98.11298530915_c4278f472b_o.bmp,f,f
landmark_aligned_face.97.11285916166_f73c1e7c69_o.bmp,f,m
landmark_aligned_face.100.11285869645_247d6b5181_o.bmp,f,f
landmark_aligned_face.98.11305785424_bc7138da40_o.bmp,f,m
landmark_aligned_face.101.11305681085_13bb2950f8_o.bmp,f,f
landmark_aligned_face.102.11285879585_2bc589e569_o.bmp,f,m
landmark_aligned_face.103.11285879585_2bc589e569_o.bmp,f,f
landmark_aligned_face.100.11285994073_0236979d39_o.bmp,f,f
landmark_aligned_face.97.11285948334_ab71517fee_o.bmp,f,m
landmark_aligned_face.99.11399456634_219b7ab9b4_o.bmp,m,m
landmark_aligned_face.97.11399456634_219b7ab9b4_o.bmp,f,m
landmark_aligned_face.97.11298549313_ede9b56e95_o.bmp,f,f
landmark_aligned_face.97.11285910516_1c76cf83af_o.bmp,f,f
landmark_aligned_face.99.11286001643_e92647752f_o.bmp,m,m
landmark_aligned_face.100.11286001643_e92647752f_o.bmp,f,f
landmark_aligned_face.104.11305673585_83f909fd7b_o.bmp,m,f
landmark_aligned_face.100.11285944286_ee2c2f98e8_o.bmp,f,f
landmark_aligned_face.97.11298578273_346c26b6c2_o.bmp,f,m
landmark_aligned_face.100.11285939424_2c3e979fcc_o.bmp,f,f
landmark_aligned_face.99.11399432395_371be641d1_o.bmp,m,m
landmark_aligned_face.100.11399274954_b7867bcf69_o.bmp,f,m
landmark_aligned_face.100.11285992563_639e9d198d_o.bmp,f,f
landmark_aligned_face.97.11285992563_639e9d198d_o.bmp,f,f
landmark_aligned_face.97.11309998513_1cc6d447ab_o.bmp,f,f
landmark_aligned_face.100.11285938604_8b1231292f_o.bmp,f,f
landmark_aligned_face.100.11285990613_2cce57db86_o.bmp,f,f
landmark_aligned_face.98.11286005663_ec9526e504_o.bmp,f,f
landmark_aligned_face.102.11286005663_ec9526e504_o.bmp,f,m
landmark_aligned_face.103.11286005663_ec9526e504_o.bmp,f,f
landmark_aligned_face.108.11285954564_8298b92268_o.bmp,m,f
landmark_aligned_face.109.11285954564_8298b92268_o.bmp,f,f
landmark_aligned_face.100.11305817773_c759ba61ac_o.bmp,f,m
landmark_aligned_face.100.11285918574_ef8075543a_o.bmp,f,f
landmark_aligned_face.97.11285918574_ef8075543a_o.bmp,f,f
landmark_aligned_face.110.11309949515_963c8ebe6c_o.bmp,m,f
landmark_aligned_face.111.11309949515_963c8ebe6c_o.bmp,m,f
landmark_aligned_face.112.11309949515_963c8ebe6c_o.bmp,f,f
landmark_aligned_face.113.11309949515_963c8ebe6c_o.bmp,f,f
landmark_aligned_face.114.11309949515_963c8ebe6c_o.bmp,f,f
landmark_aligned_face.115.11309949515_963c8ebe6c_o.bmp,m,m
landmark_aligned_face.117.11309949515_963c8ebe6c_o.bmp,f,f
landmark_aligned_face.120.11309949515_963c8ebe6c_o.bmp,f,f
landmark_aligned_face.122.11309949515_963c8ebe6c_o.bmp,f,f
landmark_aligned_face.100.11285894165_a35b31b0e5_o.bmp,f,f
landmark_aligned_face.100.11286000133_f8a1f8dd6b_o.bmp,f,f
landmark_aligned_face.97.11286000133_f8a1f8dd6b_o.bmp,f,f
landmark_aligned_face.100.11310275184_bf19a3a2a3_o.bmp,f,f
landmark_aligned_face.100.11399442263_cf62a34848_o.bmp,f,f
landmark_aligned_face.123.11285999083_956ac250d6_o.bmp,m,f
landmark_aligned_face.97.11285999083_956ac250d6_o.bmp,f,f
landmark_aligned_face.97.11298508314_3c09b475a9_o.bmp,f,f
landmark_aligned_face.97.11305740575_e264fb3145_o.bmp,f,f
landmark_aligned_face.100.11399323725_69ebef29b7_o.bmp,f,f
landmark_aligned_face.97.11305705375_1b3263c3b3_o.bmp,f,m
landmark_aligned_face.98.11305824443_1212e14545_o.bmp,f,f
landmark_aligned_face.100.11305824443_1212e14545_o.bmp,f,f
landmark_aligned_face.100.11309411695_dbf0ae9956_o.bmp,f,m
landmark_aligned_face.97.11298526465_0086f62e40_o.bmp,f,m
landmark_aligned_face.98.11399331664_40856b446e_o.bmp,f,f
landmark_aligned_face.99.11399454603_e86eb83e9f_o.bmp,m,f
landmark_aligned_face.100.11399454603_e86eb83e9f_o.bmp,f,f
landmark_aligned_face.124.11399454603_e86eb83e9f_o.bmp,f,f
landmark_aligned_face.125.11399454603_e86eb83e9f_o.bmp,f,f
landmark_aligned_face.97.11399336494_ebd864d9fe_o.bmp,f,f
landmark_aligned_face.100.11286012743_733f1c1aba_o.bmp,f,m
landmark_aligned_face.97.11399423625_69928fc3a7_o.bmp,f,f
landmark_aligned_face.100.11298516515_9da02fc8ee_o.bmp,f,f
landmark_aligned_face.98.11286018683_9bcd57f1b6_o.bmp,f,m
landmark_aligned_face.97.11399467775_813f09f377_o.bmp,f,f
landmark_aligned_face.97.11285875005_175874dd9e_o.bmp,f,f
landmark_aligned_face.100.11285869355_e83f4132da_o.bmp,f,f
landmark_aligned_face.98.11399463905_4eaa976cf0_o.bmp,f,f
landmark_aligned_face.97.11399463905_4eaa976cf0_o.bmp,f,m
landmark_aligned_face.97.11309987164_25ccff460e_o.bmp,f,f
landmark_aligned_face.97.11310217734_6b86e1b170_o.bmp,f,f
landmark_aligned_face.100.11310147874_486a6bbf46_o.bmp,f,m
landmark_aligned_face.97.11305704915_c5319b90c9_o.bmp,f,m
landmark_aligned_face.98.11305749136_8542463c0e_o.bmp,f,f
landmark_aligned_face.100.11305749136_8542463c0e_o.bmp,f,m
landmark_aligned_face.97.11285942746_d4586bae2f_o.bmp,f,f
landmark_aligned_face.100.11305719716_af541b56bb_o.bmp,f,m
landmark_aligned_face.99.11285880945_acc4beb9c5_o.bmp,m,f
landmark_aligned_face.127.11285880945_acc4beb9c5_o.bmp,m,f
landmark_aligned_face.100.11285941484_3c25ae2654_o.bmp,f,f
landmark_aligned_face.97.11399316016_f36f2f647f_o.bmp,f,f
landmark_aligned_face.129.11298512084_b4a777680b_o.bmp,f,f
landmark_aligned_face.100.11298512084_b4a777680b_o.bmp,f,f
landmark_aligned_face.100.11285938006_5dd0346b95_o.bmp,f,f
landmark_aligned_face.100.11285868535_fa787858fb_o.bmp,f,f
landmark_aligned_face.99.11305770234_257c112eb2_o.bmp,m,f
landmark_aligned_face.98.11399434346_915bd758a4_o.bmp,f,f
landmark_aligned_face.99.11305710565_dddd62dbc1_o.bmp,m,m
landmark_aligned_face.100.11305710565_dddd62dbc1_o.bmp,f,m
landmark_aligned_face.100.11305742926_ddd48e9269_o.bmp,f,f
landmark_aligned_face.97.11298540143_7f696092be_o.bmp,f,m
landmark_aligned_face.97.11298533074_98a96582c7_o.bmp,f,f
landmark_aligned_face.100.11285990553_4b28496eb8_o.bmp,f,f
landmark_aligned_face.100.11399317516_d463150f18_o.bmp,f,f
landmark_aligned_face.100.11305772974_b8ca7101b5_o.bmp,f,f
landmark_aligned_face.99.11305812593_d17b97ec75_o.bmp,m,m
landmark_aligned_face.99.11399457494_035cb793f8_o.bmp,m,f
landmark_aligned_face.100.11285934276_bfc6d91e15_o.bmp,f,f
landmark_aligned_face.97.11285934276_bfc6d91e15_o.bmp,f,f
landmark_aligned_face.130.11285934276_bfc6d91e15_o.bmp,f,f
landmark_aligned_face.102.11298497504_a018ea99c0_o.bmp,f,m
landmark_aligned_face.100.11298497504_a018ea99c0_o.bmp,f,m
landmark_aligned_face.129.11298509994_07a161f2dc_o.bmp,f,f
landmark_aligned_face.100.11298509994_07a161f2dc_o.bmp,f,f
landmark_aligned_face.99.11285869985_a905826a8e_o.bmp,m,f
landmark_aligned_face.97.11285869985_a905826a8e_o.bmp,f,m
landmark_aligned_face.97.11399459336_96a8a995ae_o.bmp,f,m
landmark_aligned_face.97.11285930074_310e1df058_o.bmp,f,f
landmark_aligned_face.100.11286019673_ff478b10f3_o.bmp,f,f
landmark_aligned_face.100.11298493645_85f4050c41_o.bmp,f,f
landmark_aligned_face.102.11298593113_4eacc13000_o.bmp,f,m
landmark_aligned_face.99.11285950946_47d785bfc5_o.bmp,m,m
landmark_aligned_face.100.11305820743_6128f69dd5_o.bmp,f,m
landmark_aligned_face.100.11309973134_48fd11a1c9_o.bmp,f,m
landmark_aligned_face.100.11286011123_0ea59bb9bc_o.bmp,f,m
landmark_aligned_face.97.11286011123_0ea59bb9bc_o.bmp,f,f
landmark_aligned_face.97.11399461915_c14fcd5680_o.bmp,f,m
landmark_aligned_face.97.11310293183_6301168581_o.bmp,f,f
landmark_aligned_face.138.9345522341_a6fa2675a6_o.bmp,f,f
landmark_aligned_face.141.11345608563_4950c8b64c_o.bmp,m,f
landmark_aligned_face.134.11345608563_4950c8b64c_o.bmp,m,f
landmark_aligned_face.140.11345487344_e716a9aef8_o.bmp,m,f
landmark_aligned_face.144.11345487344_e716a9aef8_o.bmp,f,f
landmark_aligned_face.137.11331226025_e649b1c7cb_o.bmp,m,f
landmark_aligned_face.145.11331226025_e649b1c7cb_o.bmp,m,f
landmark_aligned_face.146.11331226025_e649b1c7cb_o.bmp,m,f
landmark_aligned_face.147.11331226025_e649b1c7cb_o.bmp,m,f
landmark_aligned_face.134.11331226025_e649b1c7cb_o.bmp,m,f
landmark_aligned_face.148.11331226025_e649b1c7cb_o.bmp,f,f
landmark_aligned_face.133.11331226025_e649b1c7cb_o.bmp,f,f
landmark_aligned_face.132.11343779175_d8e550d32e_o.bmp,f,f
landmark_aligned_face.134.11343967453_c80078b6bb_o.bmp,m,m
landmark_aligned_face.140.11345832453_a6f691f233_o.bmp,m,f
landmark_aligned_face.137.11345832453_a6f691f233_o.bmp,m,f
landmark_aligned_face.153.11345832453_a6f691f233_o.bmp,m,f
landmark_aligned_face.145.11345807533_ab928c065a_o.bmp,m,m
landmark_aligned_face.147.11345807533_ab928c065a_o.bmp,m,f
landmark_aligned_face.133.11331331594_cf75db3a12_o.bmp,f,f
landmark_aligned_face.156.11345590826_553eae07dc_o.bmp,m,f
landmark_aligned_face.146.11331297256_0dd6face23_o.bmp,m,f
landmark_aligned_face.147.11331297256_0dd6face23_o.bmp,m,f
landmark_aligned_face.134.11331297256_0dd6face23_o.bmp,m,f
landmark_aligned_face.148.11331297256_0dd6face23_o.bmp,f,f
landmark_aligned_face.133.11331297256_0dd6face23_o.bmp,f,f
landmark_aligned_face.140.11343939756_5120caf815_o.bmp,m,f
landmark_aligned_face.133.11343929825_e91310d8bb_o.bmp,f,f
landmark_aligned_face.159.9308937836_24257457f9_o.bmp,m,m
landmark_aligned_face.145.11345741476_a767abaf34_o.bmp,m,m
landmark_aligned_face.133.11343740245_85135406a6_o.bmp,f,f
landmark_aligned_face.150.10744886826_ac1ae374cf_o.bmp,m,f
landmark_aligned_face.146.11345559683_64f628a9ef_o.bmp,m,m
landmark_aligned_face.133.11343902554_43e0b5f4c2_o.bmp,f,f
landmark_aligned_face.146.11331401403_bb5944aa2d_o.bmp,m,f
landmark_aligned_face.133.11344036584_5ba4b6d6a0_o.bmp,f,f
landmark_aligned_face.140.11343865944_ea294ffe50_o.bmp,m,f
landmark_aligned_face.133.11343865944_ea294ffe50_o.bmp,f,f
landmark_aligned_face.164.11345754364_d868d334e5_o.bmp,m,f
landmark_aligned_face.165.11345646293_9f2d7cae38_o.bmp,f,f
landmark_aligned_face.167.11345575573_ae2888fe5d_o.bmp,m,m
landmark_aligned_face.133.11345596463_f1b436705f_o.bmp,f,f
landmark_aligned_face.140.11345769543_aa0aa99e87_o.bmp,m,f
landmark_aligned_face.150.10742842176_c74e541f5b_o.bmp,m,f
landmark_aligned_face.165.11345648143_0726f9fde6_o.bmp,f,f
landmark_aligned_face.170.11345661333_52d0ac2914_o.bmp,m,f
landmark_aligned_face.140.11345661333_52d0ac2914_o.bmp,m,f
landmark_aligned_face.133.11343942943_a3763042ce_o.bmp,f,f
landmark_aligned_face.147.11345463206_1ab1e81d42_o.bmp,m,f
landmark_aligned_face.173.9348347998_1c42a8f3f1_o.bmp,m,f
landmark_aligned_face.175.9348347998_1c42a8f3f1_o.bmp,f,f
landmark_aligned_face.133.11343758975_04c1067ca8_o.bmp,f,f
landmark_aligned_face.134.11343991073_81a6175e9b_o.bmp,m,m
landmark_aligned_face.149.11331402483_0f6d379fb0_o.bmp,m,f
landmark_aligned_face.147.11343971404_f52e899ab1_o.bmp,m,f
landmark_aligned_face.176.9345560725_1033d0a3ab_o.bmp,m,f
landmark_aligned_face.177.9345560725_1033d0a3ab_o.bmp,f,f
landmark_aligned_face.173.9345560725_1033d0a3ab_o.bmp,m,f
landmark_aligned_face.143.10155636326_25706d9931_o.bmp,m,f
landmark_aligned_face.135.11345515785_ef6eeefd51_o.bmp,m,m
landmark_aligned_face.178.9345520435_7681bd54bb_o.bmp,m,f
landmark_aligned_face.179.9345520435_7681bd54bb_o.bmp,f,f
landmark_aligned_face.137.11345830753_1574997964_o.bmp,m,f
landmark_aligned_face.153.11345830753_1574997964_o.bmp,m,f
landmark_aligned_face.180.9345643869_4353a29134_o.bmp,f,f
landmark_aligned_face.140.9345643869_4353a29134_o.bmp,m,m
landmark_aligned_face.149.11345535113_0298e0a9b8_o.bmp,m,f
landmark_aligned_face.182.11345525826_8798fa00f2_o.bmp,f,f
landmark_aligned_face.183.9345543387_b7ca38c8be_o.bmp,f,f
landmark_aligned_face.146.11345711336_7a70c81d07_o.bmp,m,f
landmark_aligned_face.146.11331320526_f8635e254e_o.bmp,m,f
landmark_aligned_face.140.11343969004_a2b72540b6_o.bmp,m,f
landmark_aligned_face.194.11193011473_c4131d0911_o.bmp,f,f
landmark_aligned_face.187.11193011473_c4131d0911_o.bmp,f,f
landmark_aligned_face.195.11193011473_c4131d0911_o.bmp,f,f
landmark_aligned_face.196.9202461154_110239aa60_o.bmp,m,m
landmark_aligned_face.193.11192887164_eb6b29b00e_o.bmp,m,f
landmark_aligned_face.197.11192935686_ced2c71871_o.bmp,m,f
landmark_aligned_face.193.11192935686_ced2c71871_o.bmp,m,f
landmark_aligned_face.188.11018249294_eab0f4e3f5_o.bmp,m,f
landmark_aligned_face.199.9199713127_c5dd72b799_o.bmp,f,f
landmark_aligned_face.187.9199713127_c5dd72b799_o.bmp,f,f
landmark_aligned_face.188.11018087185_8e5991fae3_o.bmp,m,f
landmark_aligned_face.188.11018240754_1069618c84_o.bmp,m,f
landmark_aligned_face.187.11506282965_3691e18c7c_o.bmp,f,f
landmark_aligned_face.188.9199717301_660f02f2db_o.bmp,m,m
landmark_aligned_face.189.9058731221_4dd5b43eff_o.bmp,f,f
landmark_aligned_face.192.11192889285_5e23fd3dd4_o.bmp,f,f
landmark_aligned_face.191.11192889285_5e23fd3dd4_o.bmp,f,f
landmark_aligned_face.193.11192889285_5e23fd3dd4_o.bmp,m,f
landmark_aligned_face.187.11192889285_5e23fd3dd4_o.bmp,f,f
landmark_aligned_face.189.8084089135_e75e233aa6_o.bmp,f,f
landmark_aligned_face.197.11193006113_56900fc380_o.bmp,m,f
landmark_aligned_face.195.11193006113_56900fc380_o.bmp,f,f
landmark_aligned_face.187.11193006113_56900fc380_o.bmp,f,f
landmark_aligned_face.194.11193006113_56900fc380_o.bmp,f,f
landmark_aligned_face.188.8084105153_f4dec2022a_o.bmp,m,m
landmark_aligned_face.193.9339985224_ed51d1d021_o.bmp,m,f
landmark_aligned_face.187.11506348754_cb32cd163f_o.bmp,f,f
landmark_aligned_face.198.11192897575_50ba9c797b_o.bmp,m,f
landmark_aligned_face.195.11192897575_50ba9c797b_o.bmp,f,f
landmark_aligned_face.197.11192897575_50ba9c797b_o.bmp,m,f
landmark_aligned_face.201.8137378789_7223f571bf_o.bmp,f,m
landmark_aligned_face.193.11192864075_927da068ee_o.bmp,m,f
landmark_aligned_face.198.11192883874_1f4a3c2c2f_o.bmp,m,f
landmark_aligned_face.193.11192883874_1f4a3c2c2f_o.bmp,m,f
landmark_aligned_face.195.11192913786_a447ea6560_o.bmp,f,f
landmark_aligned_face.193.11192913786_a447ea6560_o.bmp,m,f
landmark_aligned_face.188.8243117766_b822dcf0d5_o.bmp,m,f
landmark_aligned_face.202.8084102228_616f5f8934_o.bmp,f,f
landmark_aligned_face.189.8084102092_caa02c192b_o.bmp,f,f
landmark_aligned_face.199.9202466468_3f84b3e515_o.bmp,f,f
landmark_aligned_face.188.11018078265_0a27024c47_o.bmp,m,f
landmark_aligned_face.191.11192887686_0ba6d0d4de_o.bmp,f,f
landmark_aligned_face.193.11192887686_0ba6d0d4de_o.bmp,m,f
landmark_aligned_face.188.8084101274_af9a4118f9_o.bmp,m,m
landmark_aligned_face.195.11192906446_8eaf3d55c0_o.bmp,f,f
landmark_aligned_face.187.11192906446_8eaf3d55c0_o.bmp,f,f
landmark_aligned_face.194.11192906446_8eaf3d55c0_o.bmp,f,f
landmark_aligned_face.188.8243117230_f372cff39b_o.bmp,m,f
landmark_aligned_face.187.11506351964_98fa0eaeb3_o.bmp,f,f
landmark_aligned_face.197.11192913354_9b4deea81d_o.bmp,m,f
landmark_aligned_face.187.11192913354_9b4deea81d_o.bmp,f,f
landmark_aligned_face.193.11192913354_9b4deea81d_o.bmp,m,f
landmark_aligned_face.188.9118902965_7f2957a606_o.bmp,m,f
landmark_aligned_face.187.11192901646_bbbb39b24a_o.bmp,f,f
landmark_aligned_face.193.11192901646_bbbb39b24a_o.bmp,m,f
landmark_aligned_face.204.9199703119_e4a453e72e_o.bmp,f,f
landmark_aligned_face.201.8137378967_36a593d7b3_o.bmp,f,f
landmark_aligned_face.188.9199694871_5472d41be3_o.bmp,m,f
landmark_aligned_face.202.8084106155_75627da9e9_o.bmp,f,f
landmark_aligned_face.188.8084105593_337150b40d_o.bmp,m,f
landmark_aligned_face.188.8296364498_24e6bbff40_o.bmp,m,f
landmark_aligned_face.188.9199725721_709f34b14f_o.bmp,m,f
landmark_aligned_face.187.8768495427_5171c91b0a_o.bmp,f,f
landmark_aligned_face.198.11192923554_ea513f931a_o.bmp,m,f
landmark_aligned_face.192.11192923554_ea513f931a_o.bmp,f,f
landmark_aligned_face.197.11192923554_ea513f931a_o.bmp,m,f
landmark_aligned_face.193.9337119921_b6d6e8dfa1_o.bmp,m,f
landmark_aligned_face.193.11193031783_4375d8a704_o.bmp,m,f
landmark_aligned_face.188.9481030521_5ee4d60c4a_o.bmp,m,f
landmark_aligned_face.189.9481030521_5ee4d60c4a_o.bmp,f,f
landmark_aligned_face.197.11192868835_b6fa8579f9_o.bmp,m,f
landmark_aligned_face.187.11192924936_21bc16711d_o.bmp,f,f
landmark_aligned_face.193.11192924936_21bc16711d_o.bmp,m,f
landmark_aligned_face.197.11192916406_3288dd6c8f_o.bmp,m,f
landmark_aligned_face.192.11192911656_9e839a0145_o.bmp,f,f
landmark_aligned_face.191.11192911656_9e839a0145_o.bmp,f,f
landmark_aligned_face.204.9202486162_85b97652a1_o.bmp,f,f
landmark_aligned_face.187.9202486162_85b97652a1_o.bmp,f,f
landmark_aligned_face.205.8370375526_f0a2f3b989_o.bmp,m,f
landmark_aligned_face.208.8505746342_c12ee3e635_o.bmp,f,f
landmark_aligned_face.209.11793897544_86f504d5c9_o.bmp,f,f
landmark_aligned_face.207.8643077180_fa6bafcd8a_o.bmp,m,f
landmark_aligned_face.211.9615453014_19cb217740_o.bmp,m,f
landmark_aligned_face.207.8504680971_71a30dc5b2_o.bmp,m,f
landmark_aligned_face.205.8641956841_8af6e544ba_o.bmp,m,f
landmark_aligned_face.207.11794627556_89112602d7_o.bmp,m,f
landmark_aligned_face.212.11793588493_044dd14df9_o.bmp,m,f
landmark_aligned_face.211.10770802536_1862ec85f4_o.bmp,m,f
landmark_aligned_face.212.11793513423_30a374cb48_o.bmp,m,f
landmark_aligned_face.207.10770684434_d85338d851_o.bmp,m,f
landmark_aligned_face.218.10770684434_d85338d851_o.bmp,f,f
landmark_aligned_face.205.10770684434_d85338d851_o.bmp,m,f
landmark_aligned_face.205.8578621101_2e209b00e0_o.bmp,m,f
landmark_aligned_face.205.9943857303_6a2c9412ba_o.bmp,m,f
landmark_aligned_face.207.9943857303_6a2c9412ba_o.bmp,m,f
landmark_aligned_face.208.11792646225_562566f394_o.bmp,f,f
landmark_aligned_face.205.11094514464_5a03503758_o.bmp,m,m
landmark_aligned_face.208.10770324545_ff266072f4_o.bmp,f,f
landmark_aligned_face.223.10770601955_e7ecc9ac58_o.bmp,m,f
landmark_aligned_face.208.10770696085_7285ccdff7_o.bmp,f,f
landmark_aligned_face.208.10770726424_3e8a5d9acb_o.bmp,f,f
landmark_aligned_face.223.10770726424_3e8a5d9acb_o.bmp,m,f
landmark_aligned_face.205.9943589615_f752b7cd19_o.bmp,m,m
landmark_aligned_face.205.9620422718_751925faae_o.bmp,m,f
landmark_aligned_face.208.8643080594_e96650f97e_o.bmp,f,f
landmark_aligned_face.205.9943698683_3e24b23d04_o.bmp,m,f
landmark_aligned_face.225.9943698683_3e24b23d04_o.bmp,m,m
landmark_aligned_face.205.10770737535_9bc2d189cc_o.bmp,m,f
landmark_aligned_face.226.11793676473_bfc3582136_o.bmp,f,f
landmark_aligned_face.212.11793676473_bfc3582136_o.bmp,m,f
landmark_aligned_face.211.10770996023_e8a6cd300f_o.bmp,m,f
landmark_aligned_face.208.9620411592_eec5c0388c_o.bmp,f,f
landmark_aligned_face.207.9943675104_cf498908c2_o.bmp,m,m
landmark_aligned_face.205.9943675104_cf498908c2_o.bmp,m,m
landmark_aligned_face.211.10770741784_71f18c267e_o.bmp,m,f
landmark_aligned_face.218.10770741784_71f18c267e_o.bmp,f,f
landmark_aligned_face.207.10770741784_71f18c267e_o.bmp,m,f
landmark_aligned_face.208.10770741784_71f18c267e_o.bmp,f,f
landmark_aligned_face.211.10770880025_bc9af5c520_o.bmp,m,f
landmark_aligned_face.205.10770880025_bc9af5c520_o.bmp,m,f
landmark_aligned_face.223.10770880025_bc9af5c520_o.bmp,m,f
landmark_aligned_face.212.11793690303_998b613959_o.bmp,m,m
landmark_aligned_face.230.9286792817_76fb3186af_o.bmp,m,f
landmark_aligned_face.233.11233907953_d976698cbb_o.bmp,f,f
landmark_aligned_face.229.11921987483_18f426975f_o.bmp,m,f
landmark_aligned_face.239.9490826918_f5b1f1b13f_o.bmp,f,f
landmark_aligned_face.244.11051666663_2d0dd6b0ca_o.bmp,f,f
landmark_aligned_face.248.11051666663_2d0dd6b0ca_o.bmp,f,f
landmark_aligned_face.233.11233906443_64d51fecc9_o.bmp,f,f
landmark_aligned_face.252.11634214216_a1822cdbfe_o.bmp,m,f
landmark_aligned_face.232.11851410055_a2ce57af32_o.bmp,m,f
landmark_aligned_face.235.11851410055_a2ce57af32_o.bmp,f,f
landmark_aligned_face.253.9157541461_96a0028625_o.bmp,f,m
landmark_aligned_face.233.9157540215_3ee2d0405d_o.bmp,f,m
landmark_aligned_face.240.9157540215_3ee2d0405d_o.bmp,f,f
landmark_aligned_face.243.9157540215_3ee2d0405d_o.bmp,f,m
landmark_aligned_face.252.11543878773_cc8fba7512_o.bmp,m,f
landmark_aligned_face.256.9499241968_8985e9f8aa_o.bmp,m,m
landmark_aligned_face.229.11921744175_ef69529100_o.bmp,m,f
landmark_aligned_face.235.11921744175_ef69529100_o.bmp,f,f
landmark_aligned_face.235.11922046334_542b5fe7e5_o.bmp,f,f
landmark_aligned_face.229.11922021003_1af9147878_o.bmp,m,f
landmark_aligned_face.235.11922021003_1af9147878_o.bmp,f,f
landmark_aligned_face.235.11921856273_f34349308c_o.bmp,f,f
landmark_aligned_face.235.11922633136_24785fd0fb_o.bmp,f,f
landmark_aligned_face.236.9503722225_62845403ac_o.bmp,f,f
landmark_aligned_face.257.9496440977_a55de019aa_o.bmp,m,m
landmark_aligned_face.233.11233905423_5584c25549_o.bmp,f,f
landmark_aligned_face.238.9449081001_df0de681f7_o.bmp,f,f
landmark_aligned_face.240.9157547453_fc979e7025_o.bmp,f,f
landmark_aligned_face.229.11922586406_899eddc38b_o.bmp,m,f
landmark_aligned_face.240.9449083785_6c6ec5f1df_o.bmp,f,f
landmark_aligned_face.229.11922581756_4ba3d0a608_o.bmp,m,f
landmark_aligned_face.235.11921853323_4461620014_o.bmp,f,f
landmark_aligned_face.235.11851684323_924261ef30_o.bmp,f,f
landmark_aligned_face.229.11922614756_d75bddecf0_o.bmp,m,f
landmark_aligned_face.235.11922614756_d75bddecf0_o.bmp,f,f
landmark_aligned_face.235.11922036084_4a787a6509_o.bmp,f,f
landmark_aligned_face.235.11922038913_d3a298842c_o.bmp,f,f
landmark_aligned_face.231.9211163609_c8642c737b_o.bmp,f,f
landmark_aligned_face.235.9211163609_c8642c737b_o.bmp,f,f
landmark_aligned_face.235.11922057534_745df832bb_o.bmp,f,f
landmark_aligned_face.229.11921721265_5f426ba56f_o.bmp,m,f
landmark_aligned_face.235.11921721265_5f426ba56f_o.bmp,f,f
landmark_aligned_face.232.11851413425_13f0af860d_o.bmp,m,f
landmark_aligned_face.262.9540296923_2c648ea21f_o.bmp,f,f
landmark_aligned_face.265.11265958456_c43986722e_o.bmp,m,f
landmark_aligned_face.268.11037482653_77f9b1ee0f_o.bmp,f,f
landmark_aligned_face.270.10268257873_a62ae6c3d7_o.bmp,f,f
landmark_aligned_face.271.10268257873_a62ae6c3d7_o.bmp,f,f
landmark_aligned_face.266.9194114997_6c4bed91e1_o.bmp,m,f
landmark_aligned_face.262.9540300449_1f9cea5edb_o.bmp,f,f
landmark_aligned_face.266.9546132501_401881c23f_o.bmp,m,f
landmark_aligned_face.275.11546440475_a59152ff22_o.bmp,f,f
landmark_aligned_face.262.9543071846_44fc88d4ac_o.bmp,f,f
landmark_aligned_face.266.11160771824_fac44cdfcf_o.bmp,m,f
landmark_aligned_face.264.10016273476_91202c1b04_o.bmp,m,m
landmark_aligned_face.267.8294045000_97d7bfb795_o.bmp,m,f
landmark_aligned_face.268.11451252113_0a2f043ef6_o.bmp,f,m
landmark_aligned_face.264.10266654005_69789a62ac_o.bmp,m,f
landmark_aligned_face.268.11160770346_80c181b74b_o.bmp,f,m
landmark_aligned_face.264.11160749275_4dc137d18d_o.bmp,m,f
landmark_aligned_face.268.11160749275_4dc137d18d_o.bmp,f,f
landmark_aligned_face.262.9543071196_9eb6bca2f1_o.bmp,f,f
landmark_aligned_face.275.9545957651_e1b4beb1ae_o.bmp,f,f
landmark_aligned_face.277.10017607513_df14669031_o.bmp,m,f
landmark_aligned_face.281.8580980320_3b7623fa8c_o.bmp,m,f
landmark_aligned_face.282.11457903056_ba4ebfdaab_o.bmp,f,m
landmark_aligned_face.263.11160761536_cde4e7707d_o.bmp,f,f
landmark_aligned_face.266.11160761536_cde4e7707d_o.bmp,m,m
landmark_aligned_face.266.11160768754_ffc7ecf60d_o.bmp,m,f
landmark_aligned_face.279.11160743665_9ed3bbdb03_o.bmp,m,f
landmark_aligned_face.264.11160743665_9ed3bbdb03_o.bmp,m,f
landmark_aligned_face.268.11160743665_9ed3bbdb03_o.bmp,f,f
landmark_aligned_face.266.9196903568_02f9e5689a_o.bmp,m,m
landmark_aligned_face.265.10401570825_fdb2060dda_o.bmp,m,f
landmark_aligned_face.282.11457837594_91a8bc1024_o.bmp,f,f
landmark_aligned_face.264.10265998163_b2fd0b9a5f_o.bmp,m,f
landmark_aligned_face.268.11160805544_1b628d5926_o.bmp,f,f
landmark_aligned_face.276.8580994948_e77af59516_o.bmp,f,f
landmark_aligned_face.268.11160735505_4b1437df83_o.bmp,f,m
landmark_aligned_face.268.11161500323_3f4253ef08_o.bmp,f,f
landmark_aligned_face.275.11546452735_69da0fa019_o.bmp,f,f
landmark_aligned_face.266.9235798050_500c481294_o.bmp,m,m
landmark_aligned_face.266.8301094267_78737141c8_o.bmp,m,m
landmark_aligned_face.285.8580995416_73a9bd3b22_o.bmp,f,f
landmark_aligned_face.276.8580995416_73a9bd3b22_o.bmp,f,f
landmark_aligned_face.286.8580995416_73a9bd3b22_o.bmp,f,f
landmark_aligned_face.287.8580995416_73a9bd3b22_o.bmp,f,f
landmark_aligned_face.268.11266018873_6bcfb24494_o.bmp,f,f
landmark_aligned_face.288.11457906876_bfb87b436d_o.bmp,f,f
landmark_aligned_face.271.11457906876_bfb87b436d_o.bmp,f,f
landmark_aligned_face.266.8580983256_c8b9e736c7_o.bmp,m,m
landmark_aligned_face.268.11160767476_1956a533a0_o.bmp,f,f
landmark_aligned_face.271.11457970173_67e220b567_o.bmp,f,f
landmark_aligned_face.288.11457970173_67e220b567_o.bmp,f,f
landmark_aligned_face.289.11593595975_fa331724ec_o.bmp,m,m
landmark_aligned_face.291.11594530956_5d2c296b73_o.bmp,m,m
landmark_aligned_face.290.11593257145_61e68574e7_o.bmp,f,f
landmark_aligned_face.290.11594540046_38111d7a11_o.bmp,f,f
landmark_aligned_face.296.11594348474_7995fc5d07_o.bmp,f,f
landmark_aligned_face.291.11593667615_2cb80d1c2a_o.bmp,m,f
landmark_aligned_face.299.11593195235_592d0ff3dc_o.bmp,f,f
landmark_aligned_face.290.11593507494_ddff378f4a_o.bmp,f,f
landmark_aligned_face.291.11594433886_eb30cf53d9_o.bmp,m,f
landmark_aligned_face.290.11593731724_315d275a07_o.bmp,f,f
landmark_aligned_face.295.11594134243_ef08edc399_o.bmp,f,f
landmark_aligned_face.291.11593977734_a87dee42f8_o.bmp,m,f
landmark_aligned_face.296.11594236443_4ffaa8db29_o.bmp,f,f
landmark_aligned_face.290.11593979413_402a598dc5_o.bmp,f,f
landmark_aligned_face.290.11593730334_fc7bdd59c5_o.bmp,f,f
landmark_aligned_face.296.11594060055_80e6999482_o.bmp,f,f
landmark_aligned_face.291.11593859573_1419d380b4_o.bmp,m,f
landmark_aligned_face.303.11593822664_b25939ec81_o.bmp,f,f
landmark_aligned_face.290.11593577234_303e862c8e_o.bmp,f,f
landmark_aligned_face.300.11593442255_eda1c87b15_o.bmp,m,m
landmark_aligned_face.290.11593197375_1e4718749f_o.bmp,f,f
landmark_aligned_face.290.11594178496_ebb154cb6f_o.bmp,f,f
landmark_aligned_face.291.11594055894_911152922e_o.bmp,m,m
landmark_aligned_face.290.11593366185_289173a738_o.bmp,f,f
landmark_aligned_face.290.11593777714_135f090c06_o.bmp,f,m
landmark_aligned_face.308.11594412606_70416e1379_o.bmp,f,f
landmark_aligned_face.309.11594412606_70416e1379_o.bmp,m,f
landmark_aligned_face.291.11593702785_f356f1aa5d_o.bmp,m,f
landmark_aligned_face.291.11594392396_705d81e584_o.bmp,m,f
landmark_aligned_face.290.11593977746_428c215c8d_o.bmp,f,f
landmark_aligned_face.290.11593972313_c790ec5bb6_o.bmp,f,f
landmark_aligned_face.291.11593669475_68cae3ba43_o.bmp,m,f
landmark_aligned_face.310.11593906133_b13eb78d51_o.bmp,m,f
landmark_aligned_face.311.11594417746_87db6f5a04_o.bmp,f,f
landmark_aligned_face.290.11593424213_1850904c7c_o.bmp,f,f
landmark_aligned_face.291.11594460816_3768d62185_o.bmp,m,f
landmark_aligned_face.303.11594617206_5445edd37b_o.bmp,f,f
landmark_aligned_face.290.11594617206_5445edd37b_o.bmp,f,f
landmark_aligned_face.290.11593566485_3b9d8bc0c3_o.bmp,f,f
landmark_aligned_face.315.11593654744_1eeaa48878_o.bmp,f,f
landmark_aligned_face.296.11594021023_9744cdf4d8_o.bmp,f,m
landmark_aligned_face.303.11593431735_78354fd720_o.bmp,f,f
landmark_aligned_face.290.11593146695_4e2ffefa98_o.bmp,f,f
landmark_aligned_face.291.11594019854_69ebf11818_o.bmp,m,f
landmark_aligned_face.291.11593643105_458f084c6f_o.bmp,m,f
landmark_aligned_face.314.11593773063_6fb20cbd82_o.bmp,f,m
landmark_aligned_face.290.11593773063_6fb20cbd82_o.bmp,f,f
landmark_aligned_face.289.11594422546_75404d0c09_o.bmp,m,f
landmark_aligned_face.290.11593664733_dffbf9f0f8_o.bmp,f,f
landmark_aligned_face.303.11594224586_79cefde164_o.bmp,f,f
landmark_aligned_face.290.11594484896_27471c2045_o.bmp,f,f
landmark_aligned_face.290.11594013823_ac6edb56c0_o.bmp,f,f
landmark_aligned_face.290.11594216754_21e2e30bd8_o.bmp,f,f
landmark_aligned_face.317.11594521506_76b9550a00_o.bmp,f,f
landmark_aligned_face.307.11594521506_76b9550a00_o.bmp,f,f
landmark_aligned_face.290.11594521506_76b9550a00_o.bmp,f,f
landmark_aligned_face.296.11594061585_54844a9330_o.bmp,f,f
landmark_aligned_face.319.11846455104_455a9c2c76_o.bmp,m,f
landmark_aligned_face.320.11846455104_455a9c2c76_o.bmp,f,f
landmark_aligned_face.323.11847551844_412ac56e71_o.bmp,m,f
landmark_aligned_face.325.11847284705_d7bfdc0239_o.bmp,m,f
landmark_aligned_face.323.11847174154_1a821698f0_o.bmp,m,f
landmark_aligned_face.319.11846313353_8f9b716a73_o.bmp,m,f
landmark_aligned_face.320.11847097505_c9b61873be_o.bmp,f,f
landmark_aligned_face.323.11847097505_c9b61873be_o.bmp,m,f
landmark_aligned_face.319.11846014335_43a7cbba4b_o.bmp,m,f
landmark_aligned_face.319.11846294843_4645dcbecc_o.bmp,m,f
landmark_aligned_face.319.11846306953_001a9a361b_o.bmp,m,f
landmark_aligned_face.320.11846306953_001a9a361b_o.bmp,f,f
landmark_aligned_face.323.11846471864_f13866bfda_o.bmp,m,f
landmark_aligned_face.319.11847372253_57d2035e4d_o.bmp,m,f
landmark_aligned_face.323.11847372253_57d2035e4d_o.bmp,m,f
landmark_aligned_face.327.11847028453_a53d0e3681_o.bmp,m,f
landmark_aligned_face.319.11847028453_a53d0e3681_o.bmp,m,f
landmark_aligned_face.323.11847028453_a53d0e3681_o.bmp,m,f
landmark_aligned_face.319.11847375903_f5192ed52e_o.bmp,m,f
landmark_aligned_face.323.11847375903_f5192ed52e_o.bmp,m,f
landmark_aligned_face.326.11846323223_e779c607ae_o.bmp,f,f
landmark_aligned_face.319.11846323223_e779c607ae_o.bmp,m,f
landmark_aligned_face.323.11847168584_13430b91d2_o.bmp,m,f
landmark_aligned_face.330.11846400264_2467848699_o.bmp,f,f
landmark_aligned_face.320.11847520264_751dc364cb_o.bmp,f,f
landmark_aligned_face.323.11847520264_751dc364cb_o.bmp,m,f
landmark_aligned_face.329.11847520264_751dc364cb_o.bmp,f,f
landmark_aligned_face.323.11847888786_32fbd7dfc4_o.bmp,m,f
landmark_aligned_face.329.11845966495_288f085829_o.bmp,f,f
landmark_aligned_face.330.11845966495_288f085829_o.bmp,f,f
landmark_aligned_face.331.11847288125_f0c8cb53c0_o.bmp,f,f
landmark_aligned_face.323.11847136455_06c86f4bf5_o.bmp,m,m
landmark_aligned_face.320.11846822506_765de9a41d_o.bmp,f,f
landmark_aligned_face.332.11770178296_df3b3fdeeb_o.bmp,f,f
landmark_aligned_face.333.11770178296_df3b3fdeeb_o.bmp,f,f
landmark_aligned_face.333.11760388013_15a013288d_o.bmp,f,f
landmark_aligned_face.336.11776974585_b455d8256f_o.bmp,m,m
landmark_aligned_face.333.11776974585_b455d8256f_o.bmp,f,f
landmark_aligned_face.332.11764353383_7876699f95_o.bmp,f,f
landmark_aligned_face.333.11764353383_7876699f95_o.bmp,f,f
landmark_aligned_face.335.11760056345_d4694378e7_o.bmp,m,f
landmark_aligned_face.333.11764075305_7058119956_o.bmp,f,f
landmark_aligned_face.333.11778225464_f23875f4e6_o.bmp,f,f
landmark_aligned_face.332.11764851176_ac0e7e860e_o.bmp,f,f
landmark_aligned_face.332.11769669483_e27656d28f_o.bmp,f,f
landmark_aligned_face.333.11769669483_e27656d28f_o.bmp,f,f
landmark_aligned_face.332.11764848356_8a998605aa_o.bmp,f,f
landmark_aligned_face.336.11779444906_cafb7c3dfc_o.bmp,m,f
landmark_aligned_face.335.11760933546_3bd27080de_o.bmp,m,f
landmark_aligned_face.333.11760136835_622a346b6b_o.bmp,f,f
landmark_aligned_face.333.11760133015_79ff823bfc_o.bmp,f,f
landmark_aligned_face.332.11777566553_94a6708491_o.bmp,f,f
landmark_aligned_face.336.11777711886_466afe1191_o.bmp,m,m
landmark_aligned_face.332.11764512424_6f6ac62eeb_o.bmp,f,f
landmark_aligned_face.333.11764512424_6f6ac62eeb_o.bmp,f,f
landmark_aligned_face.335.11777685756_0192f31fba_o.bmp,m,f
landmark_aligned_face.332.11764087685_d7e67ea503_o.bmp,f,f
landmark_aligned_face.333.11764087685_d7e67ea503_o.bmp,f,f
landmark_aligned_face.332.11764098765_fd5fbaa7ff_o.bmp,f,f
landmark_aligned_face.333.11764835656_247dd5e06f_o.bmp,f,f
landmark_aligned_face.333.11789750996_3bf784c5e4_o.bmp,f,f
landmark_aligned_face.333.11760580914_69dabdb5f5_o.bmp,f,f
landmark_aligned_face.333.11760532744_13585be0d3_o.bmp,f,f
landmark_aligned_face.335.11777308434_e08b6f01a2_o.bmp,m,f
landmark_aligned_face.332.11764336993_ef8b455af1_o.bmp,f,f
landmark_aligned_face.335.11777677826_51a0358313_o.bmp,m,f
landmark_aligned_face.333.11779777814_039113a3b6_o.bmp,f,f
landmark_aligned_face.333.11778585426_5bc6365d3f_o.bmp,f,f
landmark_aligned_face.333.11769802333_d41306a6b1_o.bmp,f,f
landmark_aligned_face.333.11764838346_17bcd4e2b8_o.bmp,f,f
landmark_aligned_face.333.11789247303_72501ddb43_o.bmp,f,f
landmark_aligned_face.335.11760831236_5c4193159a_o.bmp,m,f
landmark_aligned_face.333.11760897926_71365cf9a4_o.bmp,f,f
landmark_aligned_face.332.11764347283_a73c7667b0_o.bmp,f,f
landmark_aligned_face.333.11764347283_a73c7667b0_o.bmp,f,f
landmark_aligned_face.333.11760306183_def954d216_o.bmp,f,f
landmark_aligned_face.333.11789163724_95c8d15b84_o.bmp,f,m
landmark_aligned_face.333.11760785676_be8ba6b189_o.bmp,f,f
landmark_aligned_face.333.11760314373_11757f0260_o.bmp,f,f
landmark_aligned_face.333.11760872416_1f203505a2_o.bmp,f,f
landmark_aligned_face.335.11760872416_1f203505a2_o.bmp,m,f
landmark_aligned_face.335.11760438554_02a3c271a7_o.bmp,m,f
landmark_aligned_face.333.11770220725_0c374e2e27_o.bmp,f,m
landmark_aligned_face.341.9838125533_2bb5dd2837_o.bmp,m,f
landmark_aligned_face.337.9827164673_26dbc10809_o.bmp,m,f
landmark_aligned_face.344.9837775215_b2b24282de_o.bmp,m,f
landmark_aligned_face.339.9838180894_8623befb85_o.bmp,f,f
landmark_aligned_face.339.9838211315_ebb3f8f101_o.bmp,f,f
landmark_aligned_face.342.9827306253_4ac64a0be9_o.bmp,m,f
landmark_aligned_face.343.9837920674_3afca7333b_o.bmp,m,f
landmark_aligned_face.341.9837920674_3afca7333b_o.bmp,m,f
landmark_aligned_face.337.9837999546_c7e1c77c61_o.bmp,m,f
landmark_aligned_face.339.9837999546_c7e1c77c61_o.bmp,f,f
landmark_aligned_face.340.9837999546_c7e1c77c61_o.bmp,f,f
landmark_aligned_face.341.9837545275_8a1e58672d_o.bmp,m,f
landmark_aligned_face.339.9832392893_5ec0de6d32_o.bmp,f,f
landmark_aligned_face.337.9832392893_5ec0de6d32_o.bmp,m,m
landmark_aligned_face.341.9827198794_0a4b1476bd_o.bmp,m,f
landmark_aligned_face.344.9837779766_4daf5e7bb6_o.bmp,m,f
landmark_aligned_face.349.9837517896_8cd653a883_o.bmp,m,f
landmark_aligned_face.350.9837517896_8cd653a883_o.bmp,m,f
landmark_aligned_face.339.9837652314_d0270064e7_o.bmp,f,f
landmark_aligned_face.339.9838284253_3d47ed3bd5_o.bmp,f,f
landmark_aligned_face.337.9827385583_ea31a34655_o.bmp,m,f
landmark_aligned_face.337.9838047383_c43821d129_o.bmp,m,f
landmark_aligned_face.341.9827196954_4ffe1b2e4f_o.bmp,m,f
landmark_aligned_face.341.9838030774_f45382c68f_o.bmp,m,m
landmark_aligned_face.340.9838030774_f45382c68f_o.bmp,f,f
landmark_aligned_face.339.9838030774_f45382c68f_o.bmp,f,f
landmark_aligned_face.355.11117854594_725c213847_o.bmp,f,f
landmark_aligned_face.355.8780310262_e12aaf7b92_o.bmp,f,f
landmark_aligned_face.355.11117970353_8cc0fe3c6b_o.bmp,f,f
landmark_aligned_face.355.8773250481_513da022e5_o.bmp,f,f
landmark_aligned_face.355.11117743066_4a1315ae78_o.bmp,f,f
landmark_aligned_face.356.8773614453_c87fff78f6_o.bmp,f,m
landmark_aligned_face.355.9588252376_2040274723_o.bmp,f,f
landmark_aligned_face.355.11117825644_35748666f5_o.bmp,f,f
landmark_aligned_face.354.8773635663_a51664892b_o.bmp,m,m
landmark_aligned_face.356.8773635663_a51664892b_o.bmp,f,m
landmark_aligned_face.355.8773764811_3a233b900c_o.bmp,f,m
landmark_aligned_face.355.8780043062_c6657ac39e_o.bmp,f,f
landmark_aligned_face.354.8780047700_f95bb464a6_o.bmp,m,m
landmark_aligned_face.355.8780047700_f95bb464a6_o.bmp,f,f
landmark_aligned_face.354.11117757454_b215715fce_o.bmp,m,f
landmark_aligned_face.355.11117799004_1019da14f7_o.bmp,f,f
landmark_aligned_face.355.9588119534_a9778b44ff_o.bmp,f,f
landmark_aligned_face.355.11117865043_5e6a93f46f_o.bmp,f,f
landmark_aligned_face.355.9585413669_5f5d8e170b_o.bmp,f,f
landmark_aligned_face.354.8773642777_4f9196b9b8_o.bmp,m,m
landmark_aligned_face.355.11123880333_69da35d505_o.bmp,f,f
landmark_aligned_face.354.11117754716_fc33fbfc0f_o.bmp,m,f
landmark_aligned_face.355.11117754716_fc33fbfc0f_o.bmp,f,f
landmark_aligned_face.355.11117829164_bfb26e12f0_o.bmp,f,f
landmark_aligned_face.354.8773627139_bd8dcd8858_o.bmp,m,m
landmark_aligned_face.355.9588105570_da12c5ae43_o.bmp,f,f
landmark_aligned_face.355.8773494477_bc164b1c78_o.bmp,f,f
landmark_aligned_face.354.11117961723_58464617d7_o.bmp,m,f
landmark_aligned_face.355.11117961723_58464617d7_o.bmp,f,f
landmark_aligned_face.355.11117745374_e4f63218c8_o.bmp,f,f
landmark_aligned_face.355.8780326236_fbc942cefe_o.bmp,f,m
landmark_aligned_face.355.11117749464_5fb4a42d16_o.bmp,f,f
landmark_aligned_face.355.11117786074_2001a16779_o.bmp,f,f
landmark_aligned_face.355.9585321257_c19a743f56_o.bmp,f,f
landmark_aligned_face.355.8779892874_c723d317b1_o.bmp,f,f
landmark_aligned_face.354.11117694135_4002f02f93_o.bmp,m,f
landmark_aligned_face.358.9723518326_ba1548e455_o.bmp,m,m
landmark_aligned_face.357.9729638578_6a8edb1f0b_o.bmp,m,f
landmark_aligned_face.359.11853740253_fd8e46e1d4_o.bmp,f,f
landmark_aligned_face.359.9729640064_20b67e142f_o.bmp,f,f
landmark_aligned_face.359.11854423426_aa83a2c9eb_o.bmp,f,f
landmark_aligned_face.357.11854160746_4655e261fc_o.bmp,m,f
landmark_aligned_face.359.9729643474_87accf84a6_o.bmp,f,f
landmark_aligned_face.359.9724496270_99463802bb_o.bmp,f,f
landmark_aligned_face.357.11855791385_91a1178d5b_o.bmp,m,f
landmark_aligned_face.359.11853423295_132849921e_o.bmp,f,f
landmark_aligned_face.359.9729643460_33cb9c1595_o.bmp,f,f
landmark_aligned_face.360.9726864023_a3c1254391_o.bmp,f,m
landmark_aligned_face.359.11853615715_e0896172fa_o.bmp,f,f
landmark_aligned_face.359.9729642710_d3ab453b66_o.bmp,f,f
landmark_aligned_face.359.9726786423_9f0ca74e7e_o.bmp,f,f
landmark_aligned_face.359.9730018034_3f60dacf04_o.bmp,f,f
landmark_aligned_face.359.11853457465_6ffe99860e_o.bmp,f,f
landmark_aligned_face.359.11854234456_1e1bf084b4_o.bmp,f,f
landmark_aligned_face.359.11854417986_d87c8beda7_o.bmp,f,f
landmark_aligned_face.357.11856424596_8f5063d2e0_o.bmp,m,f
landmark_aligned_face.359.11853911713_2cbf751d29_o.bmp,f,f
landmark_aligned_face.357.11853911713_2cbf751d29_o.bmp,m,f
landmark_aligned_face.359.11853892574_e6aa63383a_o.bmp,f,f
landmark_aligned_face.357.11855132366_94b8da20ec_o.bmp,m,f
landmark_aligned_face.357.11853897144_21be84ef26_o.bmp,m,f
landmark_aligned_face.359.9726807287_a2981c0a9d_o.bmp,f,f
landmark_aligned_face.360.9726807287_a2981c0a9d_o.bmp,f,f
landmark_aligned_face.359.11853418615_c43ee9a99b_o.bmp,f,f
landmark_aligned_face.359.9726807563_d9605229e5_o.bmp,f,f
landmark_aligned_face.360.9726807563_d9605229e5_o.bmp,f,f
landmark_aligned_face.357.9726405271_c49771a1b5_o.bmp,m,f
landmark_aligned_face.361.9730036540_22343f51b3_o.bmp,m,f
landmark_aligned_face.362.11838147966_aea7c17f7a_o.bmp,f,f
landmark_aligned_face.363.11811318123_766419ac13_o.bmp,f,f
landmark_aligned_face.364.11838026246_0b52df8c9d_o.bmp,f,f
landmark_aligned_face.365.11838026246_0b52df8c9d_o.bmp,m,m
landmark_aligned_face.367.11837759943_ca62f42683_o.bmp,m,m
landmark_aligned_face.368.11838017836_c9730613af_o.bmp,m,f
landmark_aligned_face.362.11838017836_c9730613af_o.bmp,f,f
landmark_aligned_face.370.11838017836_c9730613af_o.bmp,f,f
landmark_aligned_face.362.11837656064_f3683bf1d4_o.bmp,f,f
landmark_aligned_face.362.11838176606_7d2bec2b5d_o.bmp,f,f
landmark_aligned_face.367.11837759363_93b11aeb9e_o.bmp,m,m
landmark_aligned_face.374.11837449755_e84061dfdc_o.bmp,f,f
landmark_aligned_face.373.11838172446_f683187b69_o.bmp,f,m
landmark_aligned_face.367.11837475765_58243a430f_o.bmp,m,m
landmark_aligned_face.374.11838232106_63629d0ef7_o.bmp,f,f
landmark_aligned_face.375.11838232106_63629d0ef7_o.bmp,m,f
landmark_aligned_face.373.11837876004_2e00262ce5_o.bmp,f,f
landmark_aligned_face.374.11837876004_2e00262ce5_o.bmp,f,f
landmark_aligned_face.378.11837577793_e2f9b2c5ec_o.bmp,f,f
landmark_aligned_face.362.11837365295_10923f82d0_o.bmp,f,f
landmark_aligned_face.373.11837365295_10923f82d0_o.bmp,f,f
landmark_aligned_face.373.11837734323_b3a7fc9be5_o.bmp,f,f
landmark_aligned_face.374.11837734323_b3a7fc9be5_o.bmp,f,f
landmark_aligned_face.377.11837854694_34fbd99fb1_o.bmp,f,f
landmark_aligned_face.381.11811300733_309791fb94_o.bmp,f,f
landmark_aligned_face.362.11837359775_3bf1edc32b_o.bmp,f,f
landmark_aligned_face.379.11837850264_f7707d7ed0_o.bmp,m,f
landmark_aligned_face.362.11838166686_9726cfa5c0_o.bmp,f,f
landmark_aligned_face.382.11838093946_7e819bc143_o.bmp,f,f
landmark_aligned_face.383.11811853706_9ee8d61781_o.bmp,m,m
landmark_aligned_face.366.11811853706_9ee8d61781_o.bmp,f,f
landmark_aligned_face.362.11837228225_deb5b09c9e_o.bmp,f,f
landmark_aligned_face.384.11837228225_deb5b09c9e_o.bmp,f,f
landmark_aligned_face.367.11837896014_93e2268b77_o.bmp,m,m
landmark_aligned_face.370.11838021936_882c10037a_o.bmp,f,f
landmark_aligned_face.362.11837775894_1a5273a0a8_o.bmp,f,f
landmark_aligned_face.379.11837442625_1fe54114fa_o.bmp,m,f
landmark_aligned_face.377.11837442625_1fe54114fa_o.bmp,f,f
landmark_aligned_face.367.11837896564_757b1b4344_o.bmp,m,m
landmark_aligned_face.366.11811518434_ff5f638555_o.bmp,f,f
landmark_aligned_face.368.11811676596_8a3997e8d8_o.bmp,m,m
landmark_aligned_face.388.11811119605_687989b628_o.bmp,f,f
landmark_aligned_face.389.8315785952_b15a5bd61d_o.bmp,m,f
landmark_aligned_face.391.8315781218_3a4a96b49a_o.bmp,m,f
landmark_aligned_face.393.8314716281_fed547397d_o.bmp,m,f
landmark_aligned_face.389.8315784212_b67d75766b_o.bmp,m,f
landmark_aligned_face.396.8314731393_d87096aea6_o.bmp,m,f
landmark_aligned_face.399.8314731393_d87096aea6_o.bmp,m,f
landmark_aligned_face.392.8314731393_d87096aea6_o.bmp,f,f
landmark_aligned_face.392.8314731033_f30146664a_o.bmp,f,f
landmark_aligned_face.396.8314731033_f30146664a_o.bmp,m,f
landmark_aligned_face.389.8314732987_5c4ab3618f_o.bmp,m,f
landmark_aligned_face.396.8315787028_8fd2340bc2_o.bmp,m,f
landmark_aligned_face.389.8315787028_8fd2340bc2_o.bmp,m,f
landmark_aligned_face.389.8315781622_911bec2922_o.bmp,m,f
landmark_aligned_face.398.8315781622_911bec2922_o.bmp,m,f
landmark_aligned_face.400.8315781622_911bec2922_o.bmp,m,f
landmark_aligned_face.398.8315787822_77c5636c6b_o.bmp,m,f
landmark_aligned_face.396.8315787822_77c5636c6b_o.bmp,m,f
landmark_aligned_face.399.8315787426_68dcd8b2dd_o.bmp,m,f
landmark_aligned_face.401.9632304250_40a3b2d1ac_o.bmp,f,f
landmark_aligned_face.401.8719389735_c51eb463cb_o.bmp,f,m
landmark_aligned_face.403.9405794872_3b61a287b6_o.bmp,m,f
landmark_aligned_face.401.9332114905_fb1204e1ed_o.bmp,f,m
landmark_aligned_face.404.9616260501_20c18ec637_o.bmp,m,f
landmark_aligned_face.401.11746146636_bdb12ebcd7_o.bmp,f,f
landmark_aligned_face.403.9208793083_93556ea551_o.bmp,m,f
landmark_aligned_face.403.9247427787_5a8b672075_o.bmp,m,f
landmark_aligned_face.401.9616284671_e91ef90724_o.bmp,f,f
landmark_aligned_face.401.11745411505_29b944ed80_o.bmp,f,f
landmark_aligned_face.403.11745411505_29b944ed80_o.bmp,m,f
landmark_aligned_face.401.9616283403_cf89b15189_o.bmp,f,f
landmark_aligned_face.401.8862142594_e655908d21_o.bmp,f,f
landmark_aligned_face.402.11838055034_567a8a9d1a_o.bmp,f,f
landmark_aligned_face.401.10090159793_34a987bba0_o.bmp,f,f
landmark_aligned_face.401.9629069757_ae16de8252_o.bmp,f,f
landmark_aligned_face.403.9208797025_c742e1a5f9_o.bmp,m,f
landmark_aligned_face.401.10090089915_1e091ae27f_o.bmp,f,f
landmark_aligned_face.401.9632309524_77bc14c5b8_o.bmp,f,f
landmark_aligned_face.401.8861535085_9b04ba15d2_o.bmp,f,f
landmark_aligned_face.401.10090088025_ca38244fa7_o.bmp,f,f
landmark_aligned_face.401.9405796404_c08837f60a_o.bmp,f,f
landmark_aligned_face.405.10090097166_7451518234_o.bmp,f,m
landmark_aligned_face.406.8387708070_20c3a1955e_o.bmp,f,f
landmark_aligned_face.407.11842762865_d6bd1acb31_o.bmp,m,f
landmark_aligned_face.406.11843176214_77a04dc07a_o.bmp,f,f
landmark_aligned_face.408.11842787405_9645e5e488_o.bmp,m,f
landmark_aligned_face.406.11843221384_dcb2be46d1_o.bmp,f,f
landmark_aligned_face.406.11843454376_c493221f54_o.bmp,f,f
landmark_aligned_face.406.8386619757_757b0113b3_o.bmp,f,f
landmark_aligned_face.406.11842162095_0cd7fdac33_o.bmp,f,f
landmark_aligned_face.408.11842725615_7774549d62_o.bmp,m,f
landmark_aligned_face.407.11843545286_b247cece67_o.bmp,m,f
landmark_aligned_face.406.11843101994_589ea4d2f6_o.bmp,f,m
landmark_aligned_face.406.11842582184_605205403a_o.bmp,f,f
landmark_aligned_face.407.11843176994_e17a431ea3_o.bmp,m,f
landmark_aligned_face.407.11842757855_65e3ee9457_o.bmp,m,f
landmark_aligned_face.410.11843174544_feaf20e260_o.bmp,m,m
landmark_aligned_face.413.11042927856_35358ab475_o.bmp,f,f
landmark_aligned_face.413.11042819835_91f4cbe282_o.bmp,f,f
landmark_aligned_face.413.11043019123_7bc8e4882c_o.bmp,f,f
landmark_aligned_face.413.11043711335_1e545d5d40_o.bmp,f,f
landmark_aligned_face.413.11042705655_2db185078e_o.bmp,f,f
landmark_aligned_face.413.11038338023_f62548a47c_o.bmp,f,f
landmark_aligned_face.413.11043668055_796b20ae36_o.bmp,f,m
landmark_aligned_face.413.11042964504_aac87b5678_o.bmp,f,f
landmark_aligned_face.415.11043324286_abdee303e7_o.bmp,m,f
landmark_aligned_face.413.11042821525_eeda17aaaf_o.bmp,f,f
landmark_aligned_face.414.11042901303_1e2e5168e0_o.bmp,f,f
landmark_aligned_face.417.11823223145_99450f85e1_o.bmp,m,f
landmark_aligned_face.417.11818155926_648fc372a9_o.bmp,m,f
landmark_aligned_face.417.11826216313_23bafe6796_o.bmp,m,f
landmark_aligned_face.419.11937916734_7c2722ac8d_o.bmp,m,f
landmark_aligned_face.420.11937916734_7c2722ac8d_o.bmp,m,m
landmark_aligned_face.421.11937916734_7c2722ac8d_o.bmp,m,f
landmark_aligned_face.424.11937916734_7c2722ac8d_o.bmp,f,f
landmark_aligned_face.425.11938277386_08d9f328ce_o.bmp,f,f
landmark_aligned_face.424.11938277386_08d9f328ce_o.bmp,f,f
landmark_aligned_face.423.11938277386_08d9f328ce_o.bmp,f,f
landmark_aligned_face.419.11937378465_6a8e2140e3_o.bmp,m,f
landmark_aligned_face.425.11937440925_521e9bb6f8_o.bmp,f,f
landmark_aligned_face.423.11937440925_521e9bb6f8_o.bmp,f,f
landmark_aligned_face.425.11938342046_1df1117e6f_o.bmp,f,f
landmark_aligned_face.424.11938342046_1df1117e6f_o.bmp,f,f
landmark_aligned_face.423.11938342046_1df1117e6f_o.bmp,f,f
landmark_aligned_face.421.11937720713_de0c2e6531_o.bmp,m,m
landmark_aligned_face.423.11937720713_de0c2e6531_o.bmp,f,f
landmark_aligned_face.424.11937720713_de0c2e6531_o.bmp,f,m
landmark_aligned_face.421.11937896894_147ae7c049_o.bmp,m,f
landmark_aligned_face.424.11938118596_98ca1a1f4c_o.bmp,f,f
landmark_aligned_face.421.11937754183_c6b9c1789b_o.bmp,m,f
landmark_aligned_face.424.11937754183_c6b9c1789b_o.bmp,f,f
landmark_aligned_face.423.11937754183_c6b9c1789b_o.bmp,f,f
landmark_aligned_face.434.9497097935_fe76252e5f_o.bmp,m,f
landmark_aligned_face.432.9500069936_3a689c001e_o.bmp,m,f
landmark_aligned_face.438.11505763163_5a20cc6d5a_o.bmp,m,f
landmark_aligned_face.442.9499898532_c789a1cabc_o.bmp,f,f
landmark_aligned_face.440.9499898532_c789a1cabc_o.bmp,f,f
landmark_aligned_face.431.9499898532_c789a1cabc_o.bmp,m,m
landmark_aligned_face.438.10370613133_80a4d50b84_o.bmp,m,f
landmark_aligned_face.444.10370613133_80a4d50b84_o.bmp,f,f
landmark_aligned_face.447.8625762902_f810cf5a06_o.bmp,m,f
landmark_aligned_face.448.12038976274_a60e85fc81_o.bmp,f,f
landmark_aligned_face.450.12038976274_a60e85fc81_o.bmp,f,f
landmark_aligned_face.450.12039729726_29ed0a4ea2_o.bmp,f,f
landmark_aligned_face.450.12039041473_29c24c0ab3_o.bmp,f,f
landmark_aligned_face.450.12039458364_e7aec8e69d_o.bmp,f,f
landmark_aligned_face.448.12038653175_e5493b30e6_o.bmp,f,f
landmark_aligned_face.451.12038949554_e9430f4927_o.bmp,f,f
landmark_aligned_face.452.12038949554_e9430f4927_o.bmp,m,f
landmark_aligned_face.450.12039815626_360977d9a3_o.bmp,f,f
landmark_aligned_face.453.12076549294_ba49442189_o.bmp,m,m
landmark_aligned_face.457.10198834473_fc05c6c237_o.bmp,f,f
landmark_aligned_face.457.11561373293_d880e48730_o.bmp,f,f
landmark_aligned_face.459.10198638484_73e3a89d93_o.bmp,f,f
landmark_aligned_face.459.10198796025_2f8a1484ba_o.bmp,f,f
landmark_aligned_face.458.10198792393_9d76de4d13_o.bmp,m,m
landmark_aligned_face.459.10198792393_9d76de4d13_o.bmp,f,f
landmark_aligned_face.458.9538411310_2aa75cd049_o.bmp,m,f
landmark_aligned_face.459.10198426713_2d61cff93d_o.bmp,f,f
landmark_aligned_face.459.10198678764_69347077af_o.bmp,f,f
landmark_aligned_face.459.11561360103_71c127bfe9_o.bmp,f,f
landmark_aligned_face.459.10198239524_876abfaa65_o.bmp,f,f
landmark_aligned_face.462.9562512107_d9ec83313a_o.bmp,m,m
landmark_aligned_face.465.11098536056_b8f250b5f7_o.bmp,m,f
landmark_aligned_face.466.11106526875_4cb078aa01_o.bmp,f,m
landmark_aligned_face.464.11098648543_533b10d5fb_o.bmp,f,f
landmark_aligned_face.465.11098648543_533b10d5fb_o.bmp,m,f
landmark_aligned_face.466.11098648543_533b10d5fb_o.bmp,f,f
landmark_aligned_face.464.11100366805_5570f9ef35_o.bmp,f,f
landmark_aligned_face.469.8986471285_9965f34100_o.bmp,m,m
landmark_aligned_face.469.8987459626_849de3f089_o.bmp,m,m
landmark_aligned_face.470.11867616123_db759660a6_o.bmp,f,f
landmark_aligned_face.470.11867879455_45453ef72a_o.bmp,f,m
landmark_aligned_face.470.11868333144_7f50604f7c_o.bmp,f,m
landmark_aligned_face.470.11867440175_7c063d1e71_o.bmp,f,f
landmark_aligned_face.474.11445137504_ecf213effe_o.bmp,m,f
landmark_aligned_face.477.11373907673_c6a3812b7b_o.bmp,f,m
